{"accuracy": [0.6105697154998779, 0.8472722172737122, 0.8928373456001282, 0.9163667559623718, 0.9291699528694153, 0.939910352230072, 0.9473504424095154, 0.952955424785614, 0.9570524096488953, 0.9610641002655029], "loss": [1.6140573024749756, 0.48919379711151123, 0.3339342772960663, 0.2575134038925171, 0.21378473937511444, 0.1812480241060257, 0.15751904249191284, 0.14017353951931, 0.1266651302576065, 0.11553386598825455], "val_accuracy": [0.8960846662521362, 0.9329615235328674, 0.9440587162971497, 0.9515706896781921, 0.9568631649017334, 0.9618711471557617, 0.9652856588363647, 0.9666514992713928, 0.9655702114105225, 0.9684725403785706], "val_loss": [0.36852744221687317, 0.22813376784324646, 0.18062610924243927, 0.1491948962211609, 0.13257035613059998, 0.11724431067705154, 0.10663750767707825, 0.10379043966531754, 0.10059919208288193, 0.09331899136304855]}